{
    "a": {
        "precision": 0.9945054945054945,
        "recall": 0.9945054945054945,
        "f1-score": 0.9945054945054945,
        "support": 182.0
    },
    "b": {
        "precision": 0.8410596026490066,
        "recall": 0.9694656488549618,
        "f1-score": 0.900709219858156,
        "support": 131.0
    },
    "c": {
        "precision": 0.9625668449197861,
        "recall": 0.994475138121547,
        "f1-score": 0.9782608695652174,
        "support": 181.0
    },
    "d": {
        "precision": 0.9746835443037974,
        "recall": 0.9390243902439024,
        "f1-score": 0.9565217391304348,
        "support": 164.0
    },
    "e": {
        "precision": 0.9953703703703703,
        "recall": 0.9907834101382489,
        "f1-score": 0.9930715935334873,
        "support": 217.0
    },
    "f": {
        "precision": 0.9382716049382716,
        "recall": 0.8587570621468926,
        "f1-score": 0.8967551622418879,
        "support": 177.0
    },
    "g": {
        "precision": 0.9958847736625515,
        "recall": 0.9958847736625515,
        "f1-score": 0.9958847736625515,
        "support": 243.0
    },
    "h": {
        "precision": 0.9953917050691244,
        "recall": 0.9908256880733946,
        "f1-score": 0.993103448275862,
        "support": 218.0
    },
    "i": {
        "precision": 0.9858490566037735,
        "recall": 0.9766355140186916,
        "f1-score": 0.9812206572769953,
        "support": 214.0
    },
    "k": {
        "precision": 0.990521327014218,
        "recall": 0.9952380952380953,
        "f1-score": 0.9928741092636579,
        "support": 210.0
    },
    "l": {
        "precision": 1.0,
        "recall": 1.0,
        "f1-score": 1.0,
        "support": 229.0
    },
    "m": {
        "precision": 0.9081632653061225,
        "recall": 0.898989898989899,
        "f1-score": 0.9035532994923858,
        "support": 198.0
    },
    "n": {
        "precision": 0.8864864864864865,
        "recall": 0.9162011173184358,
        "f1-score": 0.9010989010989011,
        "support": 179.0
    },
    "o": {
        "precision": 1.0,
        "recall": 0.9742268041237113,
        "f1-score": 0.9869451697127938,
        "support": 194.0
    },
    "p": {
        "precision": 0.9666666666666667,
        "recall": 0.9456521739130435,
        "f1-score": 0.9560439560439561,
        "support": 184.0
    },
    "q": {
        "precision": 0.9753694581280788,
        "recall": 0.9949748743718593,
        "f1-score": 0.9850746268656716,
        "support": 199.0
    },
    "r": {
        "precision": 0.98,
        "recall": 0.9560975609756097,
        "f1-score": 0.9679012345679012,
        "support": 205.0
    },
    "s": {
        "precision": 0.9918367346938776,
        "recall": 1.0,
        "f1-score": 0.9959016393442623,
        "support": 243.0
    },
    "t": {
        "precision": 0.9952153110047847,
        "recall": 0.9904761904761905,
        "f1-score": 0.9928400954653938,
        "support": 210.0
    },
    "u": {
        "precision": 0.956140350877193,
        "recall": 0.9775784753363229,
        "f1-score": 0.9667405764966741,
        "support": 223.0
    },
    "v": {
        "precision": 1.0,
        "recall": 0.9943181818181818,
        "f1-score": 0.9971509971509972,
        "support": 176.0
    },
    "w": {
        "precision": 0.9951690821256038,
        "recall": 1.0,
        "f1-score": 0.9975786924939467,
        "support": 206.0
    },
    "x": {
        "precision": 0.9908256880733946,
        "recall": 0.9908256880733946,
        "f1-score": 0.9908256880733946,
        "support": 218.0
    },
    "y": {
        "precision": 1.0,
        "recall": 0.9913793103448276,
        "f1-score": 0.9956709956709957,
        "support": 232.0
    },
    "accuracy": 0.9743430581419408,
    "macro avg": {
        "precision": 0.9716657236416083,
        "recall": 0.9723464787810524,
        "f1-score": 0.9716763724912925,
        "support": 4833.0
    },
    "weighted avg": {
        "precision": 0.9749422281253847,
        "recall": 0.9743430581419408,
        "f1-score": 0.9743926465199415,
        "support": 4833.0
    }
}