{
    "a": {
        "precision": 0.9603174603174603,
        "recall": 0.983739837398374,
        "f1-score": 0.9718875502008032,
        "support": 123.0
    },
    "b": {
        "precision": 0.7150837988826816,
        "recall": 1.0,
        "f1-score": 0.8338762214983714,
        "support": 128.0
    },
    "c": {
        "precision": 0.984251968503937,
        "recall": 0.984251968503937,
        "f1-score": 0.984251968503937,
        "support": 127.0
    },
    "d": {
        "precision": 1.0,
        "recall": 0.927007299270073,
        "f1-score": 0.9621212121212122,
        "support": 137.0
    },
    "e": {
        "precision": 1.0,
        "recall": 0.9933333333333333,
        "f1-score": 0.9966555183946488,
        "support": 150.0
    },
    "f": {
        "precision": 0.9702970297029703,
        "recall": 0.6950354609929078,
        "f1-score": 0.8099173553719008,
        "support": 141.0
    },
    "g": {
        "precision": 1.0,
        "recall": 0.9325153374233128,
        "f1-score": 0.9650793650793651,
        "support": 163.0
    },
    "h": {
        "precision": 1.0,
        "recall": 0.9866666666666667,
        "f1-score": 0.9932885906040269,
        "support": 150.0
    },
    "i": {
        "precision": 0.9683544303797469,
        "recall": 0.9870967741935484,
        "f1-score": 0.9776357827476039,
        "support": 155.0
    },
    "k": {
        "precision": 0.8895348837209303,
        "recall": 0.9935064935064936,
        "f1-score": 0.9386503067484663,
        "support": 154.0
    },
    "l": {
        "precision": 0.9870967741935484,
        "recall": 0.9870967741935484,
        "f1-score": 0.9870967741935484,
        "support": 155.0
    },
    "m": {
        "precision": 0.9754601226993865,
        "recall": 0.9695121951219512,
        "f1-score": 0.9724770642201835,
        "support": 164.0
    },
    "n": {
        "precision": 0.9849624060150376,
        "recall": 0.9562043795620438,
        "f1-score": 0.9703703703703703,
        "support": 137.0
    },
    "o": {
        "precision": 0.9703703703703703,
        "recall": 0.9632352941176471,
        "f1-score": 0.966789667896679,
        "support": 136.0
    },
    "p": {
        "precision": 0.9791666666666666,
        "recall": 0.9929577464788732,
        "f1-score": 0.986013986013986,
        "support": 142.0
    },
    "q": {
        "precision": 0.9871794871794872,
        "recall": 0.9935483870967742,
        "f1-score": 0.9903536977491961,
        "support": 155.0
    },
    "r": {
        "precision": 0.948051948051948,
        "recall": 0.9668874172185431,
        "f1-score": 0.9573770491803278,
        "support": 151.0
    },
    "s": {
        "precision": 0.9209039548022598,
        "recall": 1.0,
        "f1-score": 0.9588235294117647,
        "support": 163.0
    },
    "t": {
        "precision": 0.9928057553956835,
        "recall": 0.9583333333333334,
        "f1-score": 0.9752650176678446,
        "support": 144.0
    },
    "u": {
        "precision": 0.9644970414201184,
        "recall": 0.9939024390243902,
        "f1-score": 0.978978978978979,
        "support": 164.0
    },
    "v": {
        "precision": 1.0,
        "recall": 0.9710144927536232,
        "f1-score": 0.9852941176470589,
        "support": 138.0
    },
    "w": {
        "precision": 0.9872611464968153,
        "recall": 0.9872611464968153,
        "f1-score": 0.9872611464968153,
        "support": 157.0
    },
    "x": {
        "precision": 0.9926470588235294,
        "recall": 0.8653846153846154,
        "f1-score": 0.9246575342465754,
        "support": 156.0
    },
    "y": {
        "precision": 0.9935483870967742,
        "recall": 0.9871794871794872,
        "f1-score": 0.9903536977491961,
        "support": 156.0
    },
    "accuracy": 0.9619289340101523,
    "macro avg": {
        "precision": 0.965491278779973,
        "recall": 0.9614862866354289,
        "f1-score": 0.9610198542955359,
        "support": 3546.0
    },
    "weighted avg": {
        "precision": 0.9666487177339843,
        "recall": 0.9619289340101523,
        "f1-score": 0.9619731903928452,
        "support": 3546.0
    }
}