{
    "a": {
        "precision": 0.975609756097561,
        "recall": 0.975609756097561,
        "f1-score": 0.975609756097561,
        "support": 123.0
    },
    "b": {
        "precision": 0.9919354838709677,
        "recall": 0.9609375,
        "f1-score": 0.9761904761904762,
        "support": 128.0
    },
    "c": {
        "precision": 0.9838709677419355,
        "recall": 0.9606299212598425,
        "f1-score": 0.9721115537848606,
        "support": 127.0
    },
    "d": {
        "precision": 0.9568345323741008,
        "recall": 0.9708029197080292,
        "f1-score": 0.9637681159420289,
        "support": 137.0
    },
    "e": {
        "precision": 0.9865771812080537,
        "recall": 0.98,
        "f1-score": 0.9832775919732442,
        "support": 150.0
    },
    "f": {
        "precision": 0.9452054794520548,
        "recall": 0.9787234042553191,
        "f1-score": 0.9616724738675958,
        "support": 141.0
    },
    "g": {
        "precision": 1.0,
        "recall": 0.9938650306748467,
        "f1-score": 0.9969230769230769,
        "support": 163.0
    },
    "h": {
        "precision": 0.9931972789115646,
        "recall": 0.9733333333333334,
        "f1-score": 0.9831649831649831,
        "support": 150.0
    },
    "i": {
        "precision": 0.9743589743589743,
        "recall": 0.9806451612903225,
        "f1-score": 0.977491961414791,
        "support": 155.0
    },
    "k": {
        "precision": 0.9795918367346939,
        "recall": 0.935064935064935,
        "f1-score": 0.9568106312292359,
        "support": 154.0
    },
    "l": {
        "precision": 0.9935483870967742,
        "recall": 0.9935483870967742,
        "f1-score": 0.9935483870967742,
        "support": 155.0
    },
    "m": {
        "precision": 0.9454545454545454,
        "recall": 0.9512195121951219,
        "f1-score": 0.9483282674772037,
        "support": 164.0
    },
    "n": {
        "precision": 0.9562043795620438,
        "recall": 0.9562043795620438,
        "f1-score": 0.9562043795620438,
        "support": 137.0
    },
    "o": {
        "precision": 0.9703703703703703,
        "recall": 0.9632352941176471,
        "f1-score": 0.966789667896679,
        "support": 136.0
    },
    "p": {
        "precision": 0.9782608695652174,
        "recall": 0.9507042253521126,
        "f1-score": 0.9642857142857143,
        "support": 142.0
    },
    "q": {
        "precision": 0.9337349397590361,
        "recall": 1.0,
        "f1-score": 0.9657320872274143,
        "support": 155.0
    },
    "r": {
        "precision": 0.948051948051948,
        "recall": 0.9668874172185431,
        "f1-score": 0.9573770491803278,
        "support": 151.0
    },
    "s": {
        "precision": 0.9878787878787879,
        "recall": 1.0,
        "f1-score": 0.9939024390243902,
        "support": 163.0
    },
    "t": {
        "precision": 0.9856115107913669,
        "recall": 0.9513888888888888,
        "f1-score": 0.9681978798586572,
        "support": 144.0
    },
    "u": {
        "precision": 0.92,
        "recall": 0.9817073170731707,
        "f1-score": 0.9498525073746312,
        "support": 164.0
    },
    "v": {
        "precision": 1.0,
        "recall": 0.9637681159420289,
        "f1-score": 0.981549815498155,
        "support": 138.0
    },
    "w": {
        "precision": 0.9807692307692307,
        "recall": 0.9745222929936306,
        "f1-score": 0.9776357827476039,
        "support": 157.0
    },
    "x": {
        "precision": 0.9805194805194806,
        "recall": 0.967948717948718,
        "f1-score": 0.9741935483870968,
        "support": 156.0
    },
    "y": {
        "precision": 0.9872611464968153,
        "recall": 0.9935897435897436,
        "f1-score": 0.9904153354632588,
        "support": 156.0
    },
    "accuracy": 0.9723632261703328,
    "macro avg": {
        "precision": 0.9731186286277301,
        "recall": 0.9718473439026089,
        "f1-score": 0.9722930617361586,
        "support": 3546.0
    },
    "weighted avg": {
        "precision": 0.9728534059285419,
        "recall": 0.9723632261703328,
        "f1-score": 0.9724145036312279,
        "support": 3546.0
    }
}